{
  "training_loss": [
    0.5081196696643262,
    0.45498137334893896,
    0.40691614922096664,
    0.36669465186570205,
    0.3324081711944071,
    0.30517263841982956,
    0.2855473099131162,
    0.26884260439285895,
    0.25567680413660876,
    0.2397897021562375,
    0.22780666228024948,
    0.2173183062129191,
    0.20580019135395689,
    0.19599821367546263,
    0.18707168703622162,
    0.17992661036883187,
    0.17248706278592557,
    0.167880712985565,
    0.16068250412694887,
    0.1536275202049785,
    0.14892340790497413,
    0.14443164037599548,
    0.1393753786974486,
    0.13488730299133606,
    0.12983972769011673,
    0.12591217566912455,
    0.12219300671844198,
    0.1176334174870916,
    0.11521077832514796,
    0.11180757147164513,
    0.10771742318101471,
    0.10551156538772902,
    0.10305059358484558,
    0.0991516024986232,
    0.09669103208997809,
    0.09505848706360467,
    0.09285156357885276,
    0.09096062576399996,
    0.09035441683533617,
    0.08893406071001693,
    0.08780684877320413,
    0.0880413993323731,
    0.08723142151086133,
    0.08816306832210527,
    0.09018492607231317,
    0.09203751589963183,
    0.09604703408401058,
    0.1040440731365603,
    0.10306806598817578,
    0.10193490990527794
  ],
  "test_accuracy": [
    18.23,
    39.48,
    51.07,
    57.62,
    63.43,
    66.12,
    68.78,
    69.37,
    71.92,
    73.81,
    74.54,
    75.8,
    77.29,
    78.24,
    78.45,
    79.25,
    79.97,
    81.23,
    81.65,
    81.5,
    82.24,
    83.05,
    83.52,
    82.93,
    83.38,
    83.56,
    84.02,
    84.79,
    84.98,
    84.72,
    85.31,
    85.27,
    85.62,
    85.79,
    85.79,
    86.22,
    86.05,
    86.33,
    86.26,
    86.24,
    86.43,
    86.23,
    86.4,
    86.5,
    86.54,
    86.52,
    86.51,
    86.6,
    86.61,
    86.5
  ],
  "test_loss": [
    2.317046874647687,
    1.6326973734387926,
    1.341080615095272,
    1.1641534475763893,
    1.0073913248481265,
    0.9414469728803938,
    0.8679183133088859,
    0.8421728140229632,
    0.776253951582939,
    0.7301872539672123,
    0.7126942726836842,
    0.6821155352577283,
    0.6402898998397171,
    0.6200886311804413,
    0.6151792067251388,
    0.5850626366912939,
    0.5779318735478031,
    0.5418493017839019,
    0.5299378973283585,
    0.5260287866850567,
    0.5098648035222557,
    0.493700649043557,
    0.4814414586990502,
    0.49139802689385265,
    0.481111585144784,
    0.4810611652151035,
    0.4643809307532705,
    0.45384776354975004,
    0.4470661562529339,
    0.45457819512315617,
    0.4435591262047458,
    0.43876987287572994,
    0.4333669517640096,
    0.4243089719942421,
    0.4260490714649486,
    0.4195854996514928,
    0.422647610828755,
    0.4191749960563745,
    0.4192382436079584,
    0.4190780187298538,
    0.4125402384692696,
    0.4124155995097889,
    0.4102289516265225,
    0.4091236587542637,
    0.4070309010945308,
    0.40684461816670786,
    0.4058470756384977,
    0.40480536616342083,
    0.40467031390234165,
    0.40435077482537857
  ],
  "attack_success_rate": [],
  "aggregation_time": [
    3.026217460632324,
    3.098872423171997,
    3.09448504447937,
    2.9793057441711426,
    3.05251145362854,
    3.1324009895324707,
    3.122093677520752,
    2.9374027252197266,
    3.2594544887542725,
    3.0161874294281006,
    2.9908361434936523,
    2.966845989227295,
    3.0958476066589355,
    3.084589958190918,
    3.068145751953125,
    3.082550287246704,
    3.0010273456573486,
    3.023016929626465,
    2.982783079147339,
    2.9387004375457764,
    2.998138189315796,
    3.141430616378784,
    2.9613349437713623,
    3.1909172534942627,
    3.04115629196167,
    3.0748910903930664,
    3.001386880874634,
    2.952540874481201,
    2.9198057651519775,
    3.1224286556243896,
    3.0999350547790527,
    3.041934013366699,
    3.289741039276123,
    3.2032811641693115,
    2.931290864944458,
    2.998316526412964,
    2.871133327484131,
    3.0424118041992188,
    2.779109239578247,
    3.1188454627990723,
    3.2088351249694824,
    3.0043179988861084,
    2.9870896339416504,
    3.0675694942474365,
    2.8825314044952393,
    3.001448154449463,
    3.004690647125244,
    2.875458240509033,
    2.9395174980163574,
    3.008042573928833
  ],
  "encryption_time": [],
  "decryption_time": [],
  "signature_verification_time": [],
  "communication_overhead": [],
  "num_valid_updates": [
    10,
    10,
    10,
    10,
    10,
    10,
    10,
    10,
    10,
    10,
    10,
    10,
    10,
    10,
    10,
    10,
    10,
    10,
    10,
    10,
    10,
    10,
    10,
    10,
    10,
    10,
    10,
    10,
    10,
    10,
    10,
    10,
    10,
    10,
    10,
    10,
    10,
    10,
    10,
    10,
    10,
    10,
    10,
    10,
    10,
    10,
    10,
    10,
    10,
    10
  ],
  "num_invalid_updates": [
    0,
    0,
    0,
    0,
    0,
    0,
    0,
    0,
    0,
    0,
    0,
    0,
    0,
    0,
    0,
    0,
    0,
    0,
    0,
    0,
    0,
    0,
    0,
    0,
    0,
    0,
    0,
    0,
    0,
    0,
    0,
    0,
    0,
    0,
    0,
    0,
    0,
    0,
    0,
    0,
    0,
    0,
    0,
    0,
    0,
    0,
    0,
    0,
    0,
    0
  ],
  "krum_rejected_clients": [],