{
  "training_loss": [
    0.5072675148752105,
    0.6159812136599635,
    3.0369780347857214,
    61.19218522958933,
    1861.01465639022,
    43010.577677892965,
    729467.2156830754,
    7831816.602250673,
    32289165.64202366,
    83699921.11554591,
    171217782.2413079,
    302911058.89309585,
    487304438.83517724,
    730961467.9659657,
    1035552695.2100252,
    1409897796.6746998,
    1862912028.4888146,
    2328709172.861631,
    2913141931.745929,
    3473870088.6278543,
    4149961928.9750657,
    4872884494.261324,
    5638221207.088366,
    6441604143.295484,
    7279172532.5898695,
    8114178130.816493,
    8983728283.235867,
    9842564410.56196,
    10699355868.564098,
    11541031260.64513,
    12351769890.481327,
    13150755551.011204,
    13908990901.796778,
    14615805755.333267,
    15280039337.263336,
    15888783121.98318,
    16436816900.960255,
    16931795264.744549,
    17361342809.73722,
    17735156426.652534,
    18057959165.38701,
    18341706630.296215,
    18575151499.40127,
    18759458375.082985,
    18913167857.885017,
    19011608878.63958,
    19075005324.56198,
    19124639656.99596,
    19145025772.608055,
    19180654403.496937
  ],
  "test_accuracy": [
    10.0,
    10.0,
    10.0,
    10.0,
    10.0,
    10.0,
    10.0,
    10.0,
    10.0,
    10.0,
    10.0,
    10.0,
    10.0,
    10.0,
    10.0,
    10.0,
    10.0,
    10.0,
    10.0,
    10.0,
    10.0,
    10.0,
    10.0,
    10.0,
    10.0,
    10.0,
    10.0,
    10.0,
    10.0,
    10.0,
    10.0,
    10.0,
    10.0,
    10.0,
    10.0,
    10.0,
    10.0,
    10.0,
    10.0,
    10.0,
    10.0,
    10.0,
    10.0,
    10.0,
    10.0,
    10.0,
    10.0,
    10.0,
    10.0,
    10.0
  ],
  "test_loss": [
    NaN,
    NaN,
    NaN,
    NaN,
    NaN,
    NaN,
    NaN,
    NaN,
    NaN,
    NaN,
    NaN,
    NaN,
    NaN,
    NaN,
    NaN,
    NaN,
    NaN,
    NaN,
    NaN,
    NaN,
    NaN,
    NaN,
    NaN,
    NaN,
    NaN,
    NaN,
    NaN,
    NaN,
    NaN,
    NaN,
    NaN,
    NaN,
    NaN,
    NaN,
    NaN,
    NaN,
    NaN,
    NaN,
    NaN,
    NaN,
    NaN,
    NaN,
    NaN,
    NaN,
    NaN,
    NaN,
    NaN,
    NaN,
    NaN,
    NaN
  ],
  "attack_success_rate": [],
  "aggregation_time": [
    2.87688946723938,
    2.9602386951446533,
    2.8544716835021973,
    2.87499737739563,
    2.928598403930664,
    2.931900978088379,
    2.819678783416748,
    2.9598910808563232,
    2.900585412979126,
    2.8709499835968018,
    2.917205572128296,
    2.920031785964966,
    2.9597978591918945,
    2.9864413738250732,
    2.9655885696411133,
    2.937666416168213,
    2.9958302974700928,
    2.965263843536377,
    2.8756608963012695,
    2.9093363285064697,
    2.9678332805633545,
    3.0592880249023438,
    2.8845529556274414,
    2.895864486694336,
    2.8728246688842773,
    2.9356656074523926,
    2.825309991836548,
    2.876478910446167,
    3.0604591369628906,
    2.903203010559082,
    3.003718614578247,
    2.9133753776550293,
    2.9889867305755615,
    2.9050941467285156,
    2.8891000747680664,
    2.905926465988159,
    2.949280261993408,
    2.952796697616577,
    2.903780937194824,
    2.982090711593628,
    2.979552984237671,
    3.03896164894104,
    2.959587335586548,
    2.884045362472534,
    2.928985118865967,
    2.975667715072632,
    2.9481842517852783,
    2.8794407844543457,
    2.834531545639038,
    2.8863673210144043
  ],
  "encryption_time": [],
  "decryption_time": [],
  "signature_verification_time": [],
  "communication_overhead": [],
  "num_valid_updates": [
    10,
    10,
    10,
    10,
    10,
    10,
    10,
    10,
    10,
    10,
    10,
    10,
    10,
    10,
    10,
    10,
    10,
    10,
    10,
    10,
    10,
    10,
    10,
    10,
    10,
    10,
    10,
    10,
    10,
    10,
    10,
    10,
    10,
    10,
    10,
    10,
    10,
    10,
    10,
    10,
    10,
    10,
    10,
    10,
    10,
    10,
    10,
    10,
    10,
    10
  ],
  "num_invalid_updates": [
    0,
    0,
    0,
    0,
    0,
    0,
    0,
    0,
    0,
    0,
    0,
    0,
    0,
    0,
    0,
    0,
    0,
    0,
    0,
    0,
    0,
    0,
    0,
    0,
    0,
    0,
    0,
    0,
    0,
    0,
    0,
    0,
    0,
    0,
    0,
    0,
    0,
    0,
    0,
    0,
    0,
    0,
    0,
    0,
    0,
    0,
    0,
    0,
    0,
    0
  ],
  "krum_rejected_clients": [
    0,
    0,
    0,
    0,
    0,
    0,
    0,
    0,
    0,
    0,
    0,
    0,
    0,
    0,
    0,
    0,
    0,
    0,
    0,
    0,
    0,
    0,
    0,
    0,
    0,
    0,
    0,
    0,
    0,
    0,
    0,
    0,
    0,
    0,
    0,
    0,
    0,
    0,
    0,
    0,
    0,
    0,
    0,
    0,
    0,
    0,
    0,
    0,
    0,
    0
  ],