{
  "final_accuracy": 79.62,
  "max_accuracy": 80.11,
  "avg_accuracy": 71.5294,
  "std_accuracy": 12.466919974075394,
  "final_loss": 0.34273862567074653,
  "min_loss": 0.3084867873784817,
  "avg_loss": 0.3670602206001278,
  "avg_aggregation_time": 2.762725524902344,
  "total_aggregation_time": 138.1362762451172,
  "avg_valid_updates": 10.0,
  "total_invalid_updates": 0,
  "avg_krum_rejected_clients": 5.0
}