{
  "final_accuracy": 84.0,
  "max_accuracy": 84.01,
  "avg_accuracy": 74.7044,
  "std_accuracy": 14.041872974785093,
  "final_loss": 0.3186987651676953,
  "min_loss": 0.2861324242694243,
  "avg_loss": 0.3503278866100777,
  "avg_aggregation_time": 3.000873017311096,
  "total_aggregation_time": 150.0436508655548,
  "avg_valid_updates": 10.0,
  "total_invalid_updates": 0,
  "avg_krum_rejected_clients": 0.9
}